signature,properties
Lcom/android/org/bouncycastle/asn1/ASN1EncodableVector;-><init>()V,
Lcom/android/org/bouncycastle/asn1/ASN1EncodableVector;->add(Lcom/android/org/bouncycastle/asn1/ASN1Encodable;)V,
Lcom/android/org/bouncycastle/asn1/ASN1InputStream;-><init>(Ljava/io/InputStream;)V,maxTargetSdk=30&trackingBug=170729553L
Lcom/android/org/bouncycastle/asn1/ASN1InputStream;-><init>([B)V,
Lcom/android/org/bouncycastle/asn1/ASN1InputStream;->readObject()Lcom/android/org/bouncycastle/asn1/ASN1Primitive;,
Lcom/android/org/bouncycastle/asn1/ASN1Integer;-><init>(Ljava/math/BigInteger;)V,
Lcom/android/org/bouncycastle/asn1/DERBitString;-><init>([B)V,
Lcom/android/org/bouncycastle/asn1/DERInteger;-><init>(Ljava/math/BigInteger;)V,maxTargetSdk=30&trackingBug=170729553L
Lcom/android/org/bouncycastle/asn1/DERInteger;-><init>(J)V,
Lcom/android/org/bouncycastle/asn1/DERNull;->INSTANCE:Lcom/android/org/bouncycastle/asn1/DERNull;,
Lcom/android/org/bouncycastle/asn1/DEROctetString;-><init>([B)V,maxTargetSdk=30&trackingBug=170729553L
Lcom/android/org/bouncycastle/asn1/DEROutputStream;-><init>(Ljava/io/OutputStream;)V,maxTargetSdk=30&trackingBug=170729553L
Lcom/android/org/bouncycastle/asn1/DERSequence;-><init>()V,
Lcom/android/org/bouncycastle/asn1/DERSequence;-><init>(Lcom/android/org/bouncycastle/asn1/ASN1EncodableVector;)V,
Lcom/android/org/bouncycastle/asn1/DERSet;-><init>(Lcom/android/org/bouncycastle/asn1/ASN1EncodableVector;)V,maxTargetSdk=30&trackingBug=170729553L
Lcom/android/org/bouncycastle/asn1/pkcs/PKCSObjectIdentifiers;->sha256WithRSAEncryption:Lcom/android/org/bouncycastle/asn1/ASN1ObjectIdentifier;,
Lcom/android/org/bouncycastle/asn1/x509/AlgorithmIdentifier;-><init>(Lcom/android/org/bouncycastle/asn1/ASN1ObjectIdentifier;)V,
Lcom/android/org/bouncycastle/asn1/x509/AlgorithmIdentifier;-><init>(Lcom/android/org/bouncycastle/asn1/ASN1ObjectIdentifier;Lcom/android/org/bouncycastle/asn1/ASN1Encodable;)V,
Lcom/android/org/bouncycastle/asn1/x509/Certificate;->getInstance(Ljava/lang/Object;)Lcom/android/org/bouncycastle/asn1/x509/Certificate;,
Lcom/android/org/bouncycastle/asn1/x509/DigestInfo;-><init>(Lcom/android/org/bouncycastle/asn1/x509/AlgorithmIdentifier;[B)V,maxTargetSdk=30&trackingBug=170729553L
Lcom/android/org/bouncycastle/asn1/x509/SubjectPublicKeyInfo;->getInstance(Ljava/lang/Object;)Lcom/android/org/bouncycastle/asn1/x509/SubjectPublicKeyInfo;,
Lcom/android/org/bouncycastle/asn1/x509/Time;-><init>(Ljava/util/Date;)V,
Lcom/android/org/bouncycastle/asn1/x509/V3TBSCertificateGenerator;-><init>()V,
Lcom/android/org/bouncycastle/asn1/x509/V3TBSCertificateGenerator;->setSerialNumber(Lcom/android/org/bouncycastle/asn1/ASN1Integer;)V,
Lcom/android/org/bouncycastle/asn1/x509/V3TBSCertificateGenerator;->setSignature(Lcom/android/org/bouncycastle/asn1/x509/AlgorithmIdentifier;)V,
Lcom/android/org/bouncycastle/asn1/x509/V3TBSCertificateGenerator;->setIssuer(Lcom/android/org/bouncycastle/asn1/x509/X509Name;)V,
Lcom/android/org/bouncycastle/asn1/x509/V3TBSCertificateGenerator;->setStartDate(Lcom/android/org/bouncycastle/asn1/x509/Time;)V,
Lcom/android/org/bouncycastle/asn1/x509/V3TBSCertificateGenerator;->setEndDate(Lcom/android/org/bouncycastle/asn1/x509/Time;)V,
Lcom/android/org/bouncycastle/asn1/x509/V3TBSCertificateGenerator;->setSubject(Lcom/android/org/bouncycastle/asn1/x509/X509Name;)V,
Lcom/android/org/bouncycastle/asn1/x509/V3TBSCertificateGenerator;->setSubjectPublicKeyInfo(Lcom/android/org/bouncycastle/asn1/x509/SubjectPublicKeyInfo;)V,
Lcom/android/org/bouncycastle/asn1/x509/V3TBSCertificateGenerator;->generateTBSCertificate()Lcom/android/org/bouncycastle/asn1/x509/TBSCertificate;,
Lcom/android/org/bouncycastle/asn1/x509/X509Name;->CN:Lcom/android/org/bouncycastle/asn1/ASN1ObjectIdentifier;,maxTargetSdk=30&trackingBug=170729553L
Lcom/android/org/bouncycastle/asn1/x509/X509Name;-><init>(Lcom/android/org/bouncycastle/asn1/ASN1Sequence;)V,maxTargetSdk=30&trackingBug=170729553L
Lcom/android/org/bouncycastle/asn1/x509/X509Name;-><init>(Ljava/lang/String;)V,
Lcom/android/org/bouncycastle/asn1/x509/X509Name;->getOIDs()Ljava/util/Vector;,maxTargetSdk=30&trackingBug=170729553L
Lcom/android/org/bouncycastle/asn1/x509/X509Name;->getValues()Ljava/util/Vector;,maxTargetSdk=30&trackingBug=170729553L
Lcom/android/org/bouncycastle/asn1/x9/X9ObjectIdentifiers;->ecdsa_with_SHA256:Lcom/android/org/bouncycastle/asn1/ASN1ObjectIdentifier;,
Lcom/android/org/bouncycastle/jce/X509Principal;-><init>([B)V,
Lcom/android/org/bouncycastle/jce/provider/BouncyCastleProvider;-><init>()V,
Lcom/android/org/bouncycastle/jce/provider/X509CertificateObject;-><init>(Lcom/android/org/bouncycastle/asn1/x509/Certificate;)V,
Lcom/android/org/bouncycastle/x509/X509V3CertificateGenerator;-><init>()V,
Lcom/android/org/bouncycastle/x509/X509V3CertificateGenerator;->setSerialNumber(Ljava/math/BigInteger;)V,
Lcom/android/org/bouncycastle/x509/X509V3CertificateGenerator;->setIssuerDN(Ljavax/security/auth/x500/X500Principal;)V,
Lcom/android/org/bouncycastle/x509/X509V3CertificateGenerator;->setIssuerDN(Lcom/android/org/bouncycastle/asn1/x509/X509Name;)V,
Lcom/android/org/bouncycastle/x509/X509V3CertificateGenerator;->setNotBefore(Ljava/util/Date;)V,
Lcom/android/org/bouncycastle/x509/X509V3CertificateGenerator;->setNotAfter(Ljava/util/Date;)V,
Lcom/android/org/bouncycastle/x509/X509V3CertificateGenerator;->setSubjectDN(Ljavax/security/auth/x500/X500Principal;)V,
Lcom/android/org/bouncycastle/x509/X509V3CertificateGenerator;->setSubjectDN(Lcom/android/org/bouncycastle/asn1/x509/X509Name;)V,
Lcom/android/org/bouncycastle/x509/X509V3CertificateGenerator;->setPublicKey(Ljava/security/PublicKey;)V,
Lcom/android/org/bouncycastle/x509/X509V3CertificateGenerator;->setSignatureAlgorithm(Ljava/lang/String;)V,
Lcom/android/org/bouncycastle/x509/X509V3CertificateGenerator;->generate(Ljava/security/PrivateKey;)Ljava/security/cert/X509Certificate;,
Ljava/io/Console;->encoding()Ljava/lang/String;,maxTargetSdk=30&trackingBug=170729553L
Ljava/io/File;->filePath:Ljava/nio/file/Path;,maxTargetSdk=30&trackingBug=170729553L
Ljava/io/File;->fs:Ljava/io/FileSystem;,
Ljava/io/File;->path:Ljava/lang/String;,maxTargetSdk=30&trackingBug=170729553L
Ljava/io/File;->prefixLength:I,maxTargetSdk=30&trackingBug=170729553L
Ljava/io/File;->status:Ljava/io/File$PathStatus;,maxTargetSdk=30&trackingBug=170729553L
Ljava/io/FileDescriptor;->getInt$()I,
Ljava/io/FileDescriptor;->setInt$(I)V,
Ljava/io/FileDescriptor;->isSocket$()Z,maxTargetSdk=30&trackingBug=170729553L
Ljava/io/FileDescriptor;->descriptor:I,
Ljava/io/FileInputStream;->fd:Ljava/io/FileDescriptor;,maxTargetSdk=30&trackingBug=170729553L
Ljava/io/FileOutputStream;->channel:Ljava/nio/channels/FileChannel;,
Ljava/io/FileOutputStream;->fd:Ljava/io/FileDescriptor;,maxTargetSdk=30&trackingBug=170729553L
Ljava/io/FileSystem;->getSeparator()C,
Ljava/io/FileSystem;->getPathSeparator()C,
Ljava/io/FileSystem;->normalize(Ljava/lang/String;)Ljava/lang/String;,
Ljava/io/FileSystem;->prefixLength(Ljava/lang/String;)I,
Ljava/io/FileSystem;->resolve(Ljava/lang/String;Ljava/lang/String;)Ljava/lang/String;,
Ljava/io/FileSystem;->getDefaultParent()Ljava/lang/String;,
Ljava/io/FileSystem;->fromURIPath(Ljava/lang/String;)Ljava/lang/String;,
Ljava/io/FileSystem;->isAbsolute(Ljava/io/File;)Z,
Ljava/io/FileSystem;->resolve(Ljava/io/File;)Ljava/lang/String;,
Ljava/io/FileSystem;->canonicalize(Ljava/lang/String;)Ljava/lang/String;,
Ljava/io/FileSystem;->getBooleanAttributes(Ljava/io/File;)I,
Ljava/io/FileSystem;->checkAccess(Ljava/io/File;I)Z,
Ljava/io/FileSystem;->setPermission(Ljava/io/File;IZZ)Z,
Ljava/io/FileSystem;->getLastModifiedTime(Ljava/io/File;)J,
Ljava/io/FileSystem;->getLength(Ljava/io/File;)J,
Ljava/io/FileSystem;->createFileExclusively(Ljava/lang/String;)Z,
Ljava/io/FileSystem;->delete(Ljava/io/File;)Z,
Ljava/io/FileSystem;->list(Ljava/io/File;)[Ljava/lang/String;,
Ljava/io/FileSystem;->createDirectory(Ljava/io/File;)Z,
Ljava/io/FileSystem;->rename(Ljava/io/File;Ljava/io/File;)Z,
Ljava/io/FileSystem;->setLastModifiedTime(Ljava/io/File;J)Z,
Ljava/io/FileSystem;->setReadOnly(Ljava/io/File;)Z,
Ljava/io/FileSystem;->listRoots()[Ljava/io/File;,
Ljava/io/FileSystem;->getSpace(Ljava/io/File;I)J,
Ljava/io/FileSystem;->compare(Ljava/io/File;Ljava/io/File;)I,
Ljava/io/FileSystem;->hashCode(Ljava/io/File;)I,
Ljava/io/ObjectInputStream;->bytesToFloats([BI[FII)V,
Ljava/io/ObjectInputStream;->bytesToDoubles([BI[DII)V,
Ljava/io/ObjectInputStream;->bin:Ljava/io/ObjectInputStream$BlockDataInputStream;,
Ljava/io/ObjectOutputStream;->protocol:I,maxTargetSdk=30&trackingBug=170729553L
Ljava/io/ObjectStreamClass;->getLocalDesc()Ljava/io/ObjectStreamClass;,
Ljava/io/ObjectStreamClass;->hasWriteObjectData()Z,
Ljava/io/ObjectStreamClass;->hasReadObjectMethod()Z,
Ljava/io/ObjectStreamClass;->hasReadObjectNoDataMethod()Z,
Ljava/io/ObjectStreamClass;->newInstance()Ljava/lang/Object;,
Ljava/io/ObjectStreamClass;->getPrimDataSize()I,
Ljava/io/ObjectStreamClass;->getNumObjFields()I,
Ljava/io/ObjectStreamClass;->computeFieldOffsets()V,
Ljava/io/ObjectStreamClass;->computeDefaultSUID(Ljava/lang/Class;)J,
Ljava/io/ObjectStreamClass;->getConstructorId(Ljava/lang/Class;)J,
Ljava/io/ObjectStreamClass;->newInstance(Ljava/lang/Class;J)Ljava/lang/Object;,
Ljava/io/ObjectStreamClass;->fields:[Ljava/io/ObjectStreamField;,
Ljava/io/ObjectStreamField;->getField()Ljava/lang/reflect/Field;,
Ljava/io/RandomAccessFile;->fd:Ljava/io/FileDescriptor;,maxTargetSdk=30&trackingBug=170729553L
Ljava/lang/AbstractStringBuilder;->value:[C,
Ljava/lang/Boolean;->value:Z,maxTargetSdk=28
Ljava/lang/Byte;->toHexString(BZ)Ljava/lang/String;,
Ljava/lang/Byte;->value:B,maxTargetSdk=28
Ljava/lang/Character;->value:C,maxTargetSdk=28
Ljava/lang/Class;-><init>()V,
Ljava/lang/Class;->getDeclaredMethodsUnchecked(Z)[Ljava/lang/reflect/Method;,
Ljava/lang/Class;->getMethod(Ljava/lang/String;[Ljava/lang/Class;Z)Ljava/lang/reflect/Method;,
Ljava/lang/Class;->accessFlags:I,
Ljava/lang/Class;->classLoader:Ljava/lang/ClassLoader;,
Ljava/lang/Class;->clinitThreadId:I,maxTargetSdk=30&trackingBug=170729553L
Ljava/lang/Class;->dexCache:Ljava/lang/Object;,
Ljava/lang/Class;->dexClassDefIndex:I,
Ljava/lang/Class;->ifTable:[Ljava/lang/Object;,
Ljava/lang/Class;->name:Ljava/lang/String;,
Ljava/lang/Class;->objectSize:I,
Ljava/lang/Class;->status:I,maxTargetSdk=30&trackingBug=170729553L
Ljava/lang/ClassLoader;->parent:Ljava/lang/ClassLoader;,
Ljava/lang/Double;->value:D,maxTargetSdk=28
Ljava/lang/Enum;->getSharedConstants(Ljava/lang/Class;)[Ljava/lang/Enum;,maxTargetSdk=30&trackingBug=170729553L
Ljava/lang/Enum;->name:Ljava/lang/String;,maxTargetSdk=30&trackingBug=170729553L
Ljava/lang/Enum;->ordinal:I,maxTargetSdk=30&trackingBug=170729553L
Ljava/lang/Float;->value:F,maxTargetSdk=28
Ljava/lang/Integer;->value:I,maxTargetSdk=28
Ljava/lang/Long;->value:J,maxTargetSdk=28
Ljava/lang/Object;->identityHashCode(Ljava/lang/Object;)I,
Ljava/lang/Runtime;-><init>()V,maxTargetSdk=30&trackingBug=170729553L
Ljava/lang/Runtime;->load(Ljava/lang/String;Ljava/lang/ClassLoader;)V,
Ljava/lang/Runtime;->loadLibrary(Ljava/lang/String;Ljava/lang/ClassLoader;)V,
Ljava/lang/Runtime;->loadLibrary0(Ljava/lang/ClassLoader;Ljava/lang/String;)V,
Ljava/lang/Runtime;->nativeLoad(Ljava/lang/String;Ljava/lang/ClassLoader;)Ljava/lang/String;,
Ljava/lang/Runtime;->mLibPaths:[Ljava/lang/String;,
Ljava/lang/Short;->value:S,maxTargetSdk=28
Ljava/lang/StackTraceElement;->declaringClass:Ljava/lang/String;,
Ljava/lang/StackTraceElement;->fileName:Ljava/lang/String;,
Ljava/lang/StackTraceElement;->lineNumber:I,
Ljava/lang/StackTraceElement;->methodName:Ljava/lang/String;,
Ljava/lang/String;-><init>(II[C)V,
Ljava/lang/String;->getCharsNoCheck(II[CI)V,maxTargetSdk=30&trackingBug=170729553L
Ljava/lang/String;->indexOf([CII[CIII)I,maxTargetSdk=30&trackingBug=170729553L
Ljava/lang/String;->lastIndexOf([CII[CIII)I,maxTargetSdk=30&trackingBug=170729553L
Ljava/lang/String;->count:I,
Ljava/lang/String;->hash:I,maxTargetSdk=30&trackingBug=170729553L
Ljava/lang/System;-><init>()V,maxTargetSdk=30&trackingBug=170729553L
Ljava/lang/System;->arraycopy([CI[CII)V,
Ljava/lang/System;->arraycopy([BI[BII)V,
Ljava/lang/System;->arraycopy([SI[SII)V,
Ljava/lang/System;->arraycopy([II[III)V,
Ljava/lang/System;->arraycopy([JI[JII)V,
Ljava/lang/System;->arraycopy([FI[FII)V,
Ljava/lang/System;->arraycopy([ZI[ZII)V,
Ljava/lang/System;->logE(Ljava/lang/String;)V,
Ljava/lang/System;->logE(Ljava/lang/String;Ljava/lang/Throwable;)V,
Ljava/lang/System;->logW(Ljava/lang/String;Ljava/lang/Throwable;)V,
Ljava/lang/System;->log(CLjava/lang/String;Ljava/lang/Throwable;)V,maxTargetSdk=30&trackingBug=170729553L
Ljava/lang/Thread;-><init>(Ljava/lang/ThreadGroup;Ljava/lang/String;IZ)V,maxTargetSdk=30&trackingBug=170729553L
Ljava/lang/Thread;->getUncaughtExceptionPreHandler()Ljava/lang/Thread$UncaughtExceptionHandler;,
Ljava/lang/Thread;->dispatchUncaughtException(Ljava/lang/Throwable;)V,maxTargetSdk=30&trackingBug=170729553L
Ljava/lang/Thread;->contextClassLoader:Ljava/lang/ClassLoader;,
Ljava/lang/Thread;->daemon:Z,
Ljava/lang/Thread;->group:Ljava/lang/ThreadGroup;,
Ljava/lang/Thread;->inheritableThreadLocals:Ljava/lang/ThreadLocal$ThreadLocalMap;,
Ljava/lang/Thread;->inheritedAccessControlContext:Ljava/security/AccessControlContext;,
Ljava/lang/Thread;->lock:Ljava/lang/Object;,
Ljava/lang/Thread;->name:Ljava/lang/String;,
Ljava/lang/Thread;->nativePeer:J,
Ljava/lang/Thread;->parkBlocker:Ljava/lang/Object;,
Ljava/lang/Thread;->priority:I,
Ljava/lang/Thread;->target:Ljava/lang/Runnable;,
Ljava/lang/Thread;->threadLocals:Ljava/lang/ThreadLocal$ThreadLocalMap;,publicAlternatives=%22Please+update+to+a+current+version+of+the+%7B%40code+Streamsupport%7D+library%3B+older+versions+of+%7B%40code+Streamsupport%7D+do+not+support+current+versions+of+Android.%22
Ljava/lang/Thread;->threadSeqNumber:J,
Ljava/lang/Thread;->uncaughtExceptionPreHandler:Ljava/lang/Thread$UncaughtExceptionHandler;,
Ljava/lang/ThreadGroup;->add(Ljava/lang/Thread;)V,maxTargetSdk=30&trackingBug=170729553L
Ljava/lang/ThreadGroup;->threadTerminated(Ljava/lang/Thread;)V,maxTargetSdk=30&trackingBug=170729553L
Ljava/lang/ThreadGroup;->groups:[Ljava/lang/ThreadGroup;,
Ljava/lang/ThreadGroup;->mainThreadGroup:Ljava/lang/ThreadGroup;,maxTargetSdk=30&trackingBug=170729553L
Ljava/lang/ThreadGroup;->name:Ljava/lang/String;,maxTargetSdk=30&trackingBug=170729553L
Ljava/lang/ThreadGroup;->ngroups:I,
Ljava/lang/ThreadGroup;->parent:Ljava/lang/ThreadGroup;,
Ljava/lang/ThreadGroup;->systemThreadGroup:Ljava/lang/ThreadGroup;,
Ljava/lang/ThreadLocal;->getMap(Ljava/lang/Thread;)Ljava/lang/ThreadLocal$ThreadLocalMap;,maxTargetSdk=30&trackingBug=170729553L
Ljava/lang/Throwable;->printStackTrace(Ljava/lang/Throwable$PrintStreamOrWriter;)V,
Ljava/lang/Throwable;->nativeFillInStackTrace()Ljava/lang/Object;,maxTargetSdk=30&trackingBug=170729553L
Ljava/lang/Throwable;->getOurStackTrace()[Ljava/lang/StackTraceElement;,
Ljava/lang/Throwable;->backtrace:Ljava/lang/Object;,
Ljava/lang/Throwable;->cause:Ljava/lang/Throwable;,
Ljava/lang/Throwable;->detailMessage:Ljava/lang/String;,
Ljava/lang/Throwable;->stackTrace:[Ljava/lang/StackTraceElement;,
Ljava/lang/Throwable;->suppressedExceptions:Ljava/util/List;,maxTargetSdk=30&trackingBug=170729553L
Ljava/lang/UNIXProcess;->pid:I,
Ljava/lang/Void;-><init>()V,
Ljava/lang/invoke/MethodHandles$Lookup;-><init>(Ljava/lang/Class;I)V,
Ljava/lang/invoke/SerializedLambda;-><init>(Ljava/lang/Class;Ljava/lang/String;Ljava/lang/String;Ljava/lang/String;ILjava/lang/String;Ljava/lang/String;Ljava/lang/String;Ljava/lang/String;[Ljava/lang/Object;)V,maxTargetSdk=30&trackingBug=170729553L
Ljava/lang/invoke/SerializedLambda;->getCapturingClass()Ljava/lang/String;,maxTargetSdk=30&trackingBug=170729553L
Ljava/lang/invoke/SerializedLambda;->getFunctionalInterfaceClass()Ljava/lang/String;,
Ljava/lang/invoke/SerializedLambda;->getFunctionalInterfaceMethodName()Ljava/lang/String;,
Ljava/lang/invoke/SerializedLambda;->getFunctionalInterfaceMethodSignature()Ljava/lang/String;,
Ljava/lang/invoke/SerializedLambda;->getImplClass()Ljava/lang/String;,
Ljava/lang/invoke/SerializedLambda;->getImplMethodName()Ljava/lang/String;,
Ljava/lang/invoke/SerializedLambda;->getImplMethodSignature()Ljava/lang/String;,
Ljava/lang/invoke/SerializedLambda;->getImplMethodKind()I,
Ljava/lang/invoke/SerializedLambda;->getInstantiatedMethodType()Ljava/lang/String;,maxTargetSdk=30&trackingBug=170729553L
Ljava/lang/invoke/SerializedLambda;->getCapturedArgCount()I,maxTargetSdk=30&trackingBug=170729553L
Ljava/lang/invoke/SerializedLambda;->getCapturedArg(I)Ljava/lang/Object;,
Ljava/lang/ref/Reference;->getReferent()Ljava/lang/Object;,maxTargetSdk=30&trackingBug=170729553L
Ljava/lang/ref/Reference;->referent:Ljava/lang/Object;,
Ljava/lang/ref/ReferenceQueue;->add(Ljava/lang/ref/Reference;)V,maxTargetSdk=30&trackingBug=170729553L
Ljava/lang/reflect/AccessibleObject;->override:Z,
Ljava/lang/reflect/Constructor;->serializationCopy(Ljava/lang/Class;Ljava/lang/Class;)Ljava/lang/reflect/Constructor;,maxTargetSdk=30&trackingBug=170729553L
Ljava/lang/reflect/Executable;->artMethod:J,
Ljava/lang/reflect/Field;->getOffset()I,
Ljava/lang/reflect/Field;->accessFlags:I,
Ljava/lang/reflect/Parameter;-><init>(Ljava/lang/String;ILjava/lang/reflect/Executable;I)V,maxTargetSdk=30&trackingBug=170729553L
Ljava/lang/reflect/Proxy;->invoke(Ljava/lang/reflect/Proxy;Ljava/lang/reflect/Method;[Ljava/lang/Object;)Ljava/lang/Object;,maxTargetSdk=30&trackingBug=170729553L
Ljava/net/Authenticator;->theAuthenticator:Ljava/net/Authenticator;,
Ljava/net/DatagramSocket;->getFileDescriptor$()Ljava/io/FileDescriptor;,
Ljava/net/DatagramSocket;->impl:Ljava/net/DatagramSocketImpl;,
Ljava/net/HttpCookie;->assignors:Ljava/util/Map;,maxTargetSdk=30&trackingBug=170729553L
Ljava/net/HttpCookie;->comment:Ljava/lang/String;,maxTargetSdk=30&trackingBug=170729553L
Ljava/net/HttpCookie;->commentURL:Ljava/lang/String;,maxTargetSdk=30&trackingBug=170729553L
Ljava/net/HttpCookie;->domain:Ljava/lang/String;,maxTargetSdk=30&trackingBug=170729553L
Ljava/net/HttpCookie;->header:Ljava/lang/String;,maxTargetSdk=30&trackingBug=170729553L
Ljava/net/HttpCookie;->httpOnly:Z,publicAlternatives=%22Use+%7B%40link+%23setHttpOnly%28%29%7D%2F%7B%40link+%23isHttpOnly%28%29%7D+instead.%22
Ljava/net/HttpCookie;->maxAge:J,maxTargetSdk=30&trackingBug=170729553L
Ljava/net/HttpCookie;->name:Ljava/lang/String;,maxTargetSdk=30&trackingBug=170729553L
Ljava/net/HttpCookie;->path:Ljava/lang/String;,maxTargetSdk=30&trackingBug=170729553L
Ljava/net/HttpCookie;->portlist:Ljava/lang/String;,maxTargetSdk=30&trackingBug=170729553L
Ljava/net/HttpCookie;->secure:Z,maxTargetSdk=30&trackingBug=170729553L
Ljava/net/HttpCookie;->toDiscard:Z,maxTargetSdk=30&trackingBug=170729553L
Ljava/net/HttpCookie;->tspecials:Ljava/lang/String;,maxTargetSdk=30&trackingBug=170729553L
Ljava/net/HttpCookie;->value:Ljava/lang/String;,maxTargetSdk=30&trackingBug=170729553L
Ljava/net/HttpCookie;->version:I,maxTargetSdk=30&trackingBug=170729553L
Ljava/net/HttpCookie;->whenCreated:J,
Ljava/net/Inet4Address;-><init>()V,maxTargetSdk=30&trackingBug=170729553L
Ljava/net/Inet4Address;->ALL:Ljava/net/InetAddress;,maxTargetSdk=30&trackingBug=170729553L
Ljava/net/Inet4Address;->ANY:Ljava/net/InetAddress;,maxTargetSdk=30&trackingBug=170729553L
Ljava/net/Inet6Address$Inet6AddressHolder;->ipaddress:[B,maxTargetSdk=30&trackingBug=170729553L
Ljava/net/Inet6Address$Inet6AddressHolder;->scope_id:I,maxTargetSdk=30&trackingBug=170729553L
Ljava/net/Inet6Address$Inet6AddressHolder;->scope_id_set:Z,maxTargetSdk=30&trackingBug=170729553L
Ljava/net/Inet6Address$Inet6AddressHolder;->scope_ifname:Ljava/net/NetworkInterface;,maxTargetSdk=30&trackingBug=170729553L
Ljava/net/Inet6Address;-><init>()V,maxTargetSdk=30&trackingBug=170729553L
Ljava/net/Inet6Address;->ANY:Ljava/net/InetAddress;,maxTargetSdk=30&trackingBug=170729553L
Ljava/net/Inet6Address;->holder6:Ljava/net/Inet6Address$Inet6AddressHolder;,maxTargetSdk=30&trackingBug=170729553L
Ljava/net/Inet6AddressImpl;->addressCache:Ljava/net/AddressCache;,
Ljava/net/InetAddress$InetAddressHolder;->address:I,maxTargetSdk=30&trackingBug=170729553L
Ljava/net/InetAddress$InetAddressHolder;->family:I,maxTargetSdk=30&trackingBug=170729553L
Ljava/net/InetAddress$InetAddressHolder;->hostName:Ljava/lang/String;,
Ljava/net/InetAddress$InetAddressHolder;->originalHostName:Ljava/lang/String;,maxTargetSdk=30&trackingBug=170729553L
Ljava/net/InetAddress;->holder()Ljava/net/InetAddress$InetAddressHolder;,
Ljava/net/InetAddress;->isNumeric(Ljava/lang/String;)Z,maxTargetSdk=28&trackingBug=78686891L&publicAlternatives=%22Use+%7B%40code+android.net.InetAddresses%23isNumericAddress%7D+instead.+There+is+a+behavioural+difference+between+the+original+method+and+its+replacement.%22
Ljava/net/InetAddress;->parseNumericAddress(Ljava/lang/String;)Ljava/net/InetAddress;,maxTargetSdk=28&trackingBug=78686891L&publicAlternatives=%22Use+%7B%40code+android.net.InetAddresses%23parseNumericAddress%7D+instead.+There+is+a+behavioural+difference+between+the+original+method+and+its+replacement.%22
Ljava/net/InetAddress;->clearDnsCache()V,
Ljava/net/InetAddress;->getAllByNameOnNet(Ljava/lang/String;I)[Ljava/net/InetAddress;,
Ljava/net/InetAddress;->holder:Ljava/net/InetAddress$InetAddressHolder;,
Ljava/net/InetSocketAddress;->holder:Ljava/net/InetSocketAddress$InetSocketAddressHolder;,
Ljava/net/InterfaceAddress;-><init>()V,maxTargetSdk=30&trackingBug=170729553L
Ljava/net/PlainSocketImpl;-><init>()V,
Ljava/net/Proxy;-><init>()V,maxTargetSdk=30&trackingBug=170729553L
Ljava/net/ServerSocket;->factory:Ljava/net/SocketImplFactory;,maxTargetSdk=30&trackingBug=170729553L
Ljava/net/Socket;->getFileDescriptor$()Ljava/io/FileDescriptor;,
Ljava/net/Socket;->factory:Ljava/net/SocketImplFactory;,maxTargetSdk=30&trackingBug=170729553L
Ljava/net/Socket;->impl:Ljava/net/SocketImpl;,
Ljava/net/SocketException;-><init>(Ljava/lang/String;Ljava/lang/Throwable;)V,
Ljava/net/SocketImpl;->serverSocket:Ljava/net/ServerSocket;,
Ljava/net/SocketImpl;->socket:Ljava/net/Socket;,
Ljava/net/SocksSocketImpl;-><init>()V,
Ljava/net/URI;->fragment:Ljava/lang/String;,
Ljava/net/URI;->host:Ljava/lang/String;,
Ljava/net/URI;->port:I,
Ljava/net/URI;->query:Ljava/lang/String;,maxTargetSdk=30&trackingBug=170729553L
Ljava/net/URI;->string:Ljava/lang/String;,
Ljava/net/URL;->factory:Ljava/net/URLStreamHandlerFactory;,
Ljava/net/URL;->handler:Ljava/net/URLStreamHandler;,
Ljava/net/URL;->handlers:Ljava/util/Hashtable;,
Ljava/net/URL;->protocol:Ljava/lang/String;,maxTargetSdk=30&trackingBug=170729553L
Ljava/net/URLClassLoader;->acc:Ljava/security/AccessControlContext;,
Ljava/net/URLClassLoader;->ucp:Lsun/misc/URLClassPath;,
Ljava/nio/Buffer;->_elementSizeShift:I,
Ljava/nio/Buffer;->address:J,
Ljava/nio/Buffer;->capacity:I,maxTargetSdk=30&trackingBug=170729553L
Ljava/nio/Buffer;->limit:I,
Ljava/nio/Buffer;->position:I,
Ljava/nio/ByteBuffer;->hb:[B,maxTargetSdk=30&trackingBug=170729553L
Ljava/nio/ByteBuffer;->isReadOnly:Z,maxTargetSdk=30&trackingBug=170729553L
Ljava/nio/ByteBuffer;->offset:I,maxTargetSdk=30&trackingBug=170729553L
Ljava/nio/CharBuffer;->toString(II)Ljava/lang/String;,maxTargetSdk=30&trackingBug=170729553L
Ljava/nio/DirectByteBuffer;-><init>(JI)V,maxTargetSdk=30&trackingBug=170729553L
Ljava/nio/DirectByteBuffer;->cleaner()Lsun/misc/Cleaner;,
Ljava/nio/charset/Charset;->defaultCharset:Ljava/nio/charset/Charset;,maxTargetSdk=30&trackingBug=170729553L
Ljava/nio/charset/CharsetEncoder;->canEncode(Ljava/nio/CharBuffer;)Z,maxTargetSdk=30&trackingBug=170729553L
Ljava/nio/file/FileTreeWalker;->followLinks:Z,maxTargetSdk=30&trackingBug=170729553L
Ljava/nio/file/FileTreeWalker;->linkOptions:[Ljava/nio/file/LinkOption;,maxTargetSdk=30&trackingBug=170729553L
Ljava/nio/file/FileTreeWalker;->maxDepth:I,maxTargetSdk=30&trackingBug=170729553L
Ljava/security/KeyPairGenerator;->getInstance(Lsun/security/jca/GetInstance$Instance;Ljava/lang/String;)Ljava/security/KeyPairGenerator;,maxTargetSdk=30&trackingBug=170729553L
Ljava/security/KeyStore;->keyStoreSpi:Ljava/security/KeyStoreSpi;,
Ljava/security/Signature;->getInstance(Lsun/security/jca/GetInstance$Instance;Ljava/lang/String;)Ljava/security/Signature;,
Ljava/security/spec/ECParameterSpec;->setCurveName(Ljava/lang/String;)V,
Ljava/security/spec/ECParameterSpec;->getCurveName()Ljava/lang/String;,
Ljava/text/Collator;->icuColl:Landroid/icu/text/Collator;,
Ljava/text/DateFormat;->is24Hour:Ljava/lang/Boolean;,
Ljava/text/DecimalFormatSymbols;->getPercentString()Ljava/lang/String;,maxTargetSdk=30&trackingBug=170729553L
Ljava/text/NumberFormat;->getInstance(Ljava/util/Locale;I)Ljava/text/NumberFormat;,maxTargetSdk=30&trackingBug=170729553L
Ljava/time/Duration;->toSeconds()Ljava/math/BigDecimal;,trackingBug=172313849L
Ljava/time/OffsetDateTime;-><init>(Ljava/time/LocalDateTime;Ljava/time/ZoneOffset;)V,maxTargetSdk=30&trackingBug=170729553L
Ljava/time/ZoneId;->of(Ljava/lang/String;Z)Ljava/time/ZoneId;,maxTargetSdk=30&trackingBug=170729553L
Ljava/util/ArrayDeque;->elements:[Ljava/lang/Object;,
Ljava/util/ArrayDeque;->head:I,
Ljava/util/ArrayDeque;->tail:I,
Ljava/util/ArrayList$SubList;->offset:I,maxTargetSdk=30&trackingBug=170729553L
Ljava/util/ArrayList$SubList;->parent:Ljava/util/AbstractList;,
Ljava/util/ArrayList$SubList;->parentOffset:I,
Ljava/util/ArrayList$SubList;->size:I,publicAlternatives=%22Please+update+to+a+current+version+of+the+%7B%40code+Streamsupport%7D+library%3B+older+versions+of+%7B%40code+Streamsupport%7D+do+not+support+current+versions+of+Android.%22
Ljava/util/ArrayList;->elementData:[Ljava/lang/Object;,
Ljava/util/ArrayList;->size:I,
Ljava/util/Arrays$ArrayList;->a:[Ljava/lang/Object;,
Ljava/util/Arrays;->deepToString([Ljava/lang/Object;Ljava/lang/StringBuilder;Ljava/util/Set;)V,
Ljava/util/Calendar;->zone:Ljava/util/TimeZone;,
Ljava/util/Collections$EmptyList;-><init>()V,
Ljava/util/Collections$EmptyMap;-><init>()V,
Ljava/util/Collections$SynchronizedCollection;->c:Ljava/util/Collection;,
Ljava/util/Collections$SynchronizedList;->list:Ljava/util/List;,
Ljava/util/Collections$SynchronizedMap;->m:Ljava/util/Map;,
Ljava/util/Collections$UnmodifiableCollection;->c:Ljava/util/Collection;,
Ljava/util/Collections$UnmodifiableMap;->m:Ljava/util/Map;,
Ljava/util/EnumMap;->keyType:Ljava/lang/Class;,
Ljava/util/EnumSet;->elementType:Ljava/lang/Class;,
Ljava/util/HashMap$EntryIterator;->next()Ljava/util/Map$Entry;,trackingBug=122551864L
Ljava/util/HashMap$Node;->key:Ljava/lang/Object;,maxTargetSdk=30&trackingBug=170729553L
Ljava/util/HashMap$Node;->next:Ljava/util/HashMap$Node;,maxTargetSdk=30&trackingBug=170729553L
Ljava/util/HashMap$Node;->value:Ljava/lang/Object;,maxTargetSdk=30&trackingBug=170729553L
Ljava/util/HashMap;->modCount:I,
Ljava/util/HashMap;->table:[Ljava/util/HashMap$Node;,
Ljava/util/HashSet;->map:Ljava/util/HashMap;,
Ljava/util/LinkedHashMap;->eldest()Ljava/util/Map$Entry;,
Ljava/util/LinkedHashMap;->accessOrder:Z,maxTargetSdk=30&trackingBug=170729553L
Ljava/util/LinkedList$Node;->item:Ljava/lang/Object;,
Ljava/util/LinkedList$Node;->next:Ljava/util/LinkedList$Node;,
Ljava/util/LinkedList;->first:Ljava/util/LinkedList$Node;,
Ljava/util/LinkedList;->size:I,
Ljava/util/Locale;->createConstant(Ljava/lang/String;Ljava/lang/String;)Ljava/util/Locale;,
Ljava/util/Locale;->getInstance(Lsun/util/locale/BaseLocale;Lsun/util/locale/LocaleExtensions;)Ljava/util/Locale;,
Ljava/util/PriorityQueue;->modCount:I,
Ljava/util/PriorityQueue;->queue:[Ljava/lang/Object;,
Ljava/util/PriorityQueue;->size:I,
Ljava/util/Properties;->saveConvert(Ljava/lang/String;ZZ)Ljava/lang/String;,
Ljava/util/Random;->seedUniquifier()J,trackingBug=172313849L
Ljava/util/TimerTask;->period:J,
Ljava/util/UUID;->leastSigBits:J,maxTargetSdk=30&trackingBug=170729553L
Ljava/util/UUID;->mostSigBits:J,maxTargetSdk=30&trackingBug=170729553L
Ljava/util/Vector;->elementData(I)Ljava/lang/Object;,maxTargetSdk=30&trackingBug=170729553L
Ljava/util/concurrent/CopyOnWriteArrayList;->elements:[Ljava/lang/Object;,
Ljava/util/concurrent/CopyOnWriteArraySet;->al:Ljava/util/concurrent/CopyOnWriteArrayList;,
Ljava/util/concurrent/Executors$RunnableAdapter;->task:Ljava/lang/Runnable;,
Ljava/util/concurrent/FutureTask;->EXCEPTIONAL:I,
Ljava/util/concurrent/FutureTask;->callable:Ljava/util/concurrent/Callable;,
Ljava/util/concurrent/FutureTask;->outcome:Ljava/lang/Object;,
Ljava/util/concurrent/FutureTask;->state:I,
Ljava/util/concurrent/LinkedBlockingDeque;->first:Ljava/util/concurrent/LinkedBlockingDeque$Node;,
Ljava/util/concurrent/LinkedBlockingDeque;->lock:Ljava/util/concurrent/locks/ReentrantLock;,
Ljava/util/concurrent/LinkedBlockingQueue;->capacity:I,
Ljava/util/concurrent/LinkedBlockingQueue;->head:Ljava/util/concurrent/LinkedBlockingQueue$Node;,
Ljava/util/concurrent/LinkedBlockingQueue;->putLock:Ljava/util/concurrent/locks/ReentrantLock;,
Ljava/util/concurrent/LinkedBlockingQueue;->takeLock:Ljava/util/concurrent/locks/ReentrantLock;,
Ljava/util/concurrent/PriorityBlockingQueue;->dequeue()Ljava/lang/Object;,
Ljava/util/concurrent/PriorityBlockingQueue;->lock:Ljava/util/concurrent/locks/ReentrantLock;,
Ljava/util/concurrent/PriorityBlockingQueue;->notEmpty:Ljava/util/concurrent/locks/Condition;,
Ljava/util/concurrent/ThreadPoolExecutor;->allowCoreThreadTimeOut:Z,maxTargetSdk=30&trackingBug=170729553L
Ljava/util/concurrent/ThreadPoolExecutor;->ctl:Ljava/util/concurrent/atomic/AtomicInteger;,
Ljava/util/concurrent/ThreadPoolExecutor;->defaultHandler:Ljava/util/concurrent/RejectedExecutionHandler;,maxTargetSdk=30&trackingBug=170729553L
Ljava/util/concurrent/ThreadPoolExecutor;->mainLock:Ljava/util/concurrent/locks/ReentrantLock;,maxTargetSdk=30&trackingBug=170729553L
Ljava/util/concurrent/atomic/AtomicInteger;->value:I,
Ljava/util/concurrent/locks/ReentrantLock;->sync:Ljava/util/concurrent/locks/ReentrantLock$Sync;,
Ljava/util/jar/JarFile;->manifest:Ljava/util/jar/Manifest;,
Ljava/util/logging/Handler;->sealed:Z,maxTargetSdk=30&trackingBug=170729553L
Ljava/util/logging/LogManager;->getFormatterProperty(Ljava/lang/String;Ljava/util/logging/Formatter;)Ljava/util/logging/Formatter;,maxTargetSdk=30&trackingBug=170729553L
Ljava/util/logging/Logger;->treeLock:Ljava/lang/Object;,
Ljava/util/regex/Matcher;->appendPos:I,maxTargetSdk=30&trackingBug=170729553L
Ljava/util/zip/Adler32;->update(II)I,
Ljava/util/zip/CRC32;->update(II)I,
Ljava/util/zip/Deflater;->buf:[B,maxTargetSdk=30&trackingBug=170729553L
Ljava/util/zip/Deflater;->finish:Z,maxTargetSdk=30&trackingBug=170729553L
Ljava/util/zip/Deflater;->finished:Z,maxTargetSdk=30&trackingBug=170729553L
Ljava/util/zip/Deflater;->len:I,maxTargetSdk=30&trackingBug=170729553L
Ljava/util/zip/Deflater;->level:I,maxTargetSdk=30&trackingBug=170729553L
Ljava/util/zip/Deflater;->off:I,maxTargetSdk=30&trackingBug=170729553L
Ljava/util/zip/Deflater;->setParams:Z,maxTargetSdk=30&trackingBug=170729553L
Ljava/util/zip/Deflater;->strategy:I,maxTargetSdk=30&trackingBug=170729553L
Ljava/util/zip/Inflater;->buf:[B,maxTargetSdk=30&trackingBug=170729553L
Ljava/util/zip/Inflater;->finished:Z,maxTargetSdk=30&trackingBug=170729553L
Ljava/util/zip/Inflater;->len:I,maxTargetSdk=30&trackingBug=170729553L
Ljava/util/zip/Inflater;->needDict:Z,maxTargetSdk=30&trackingBug=170729553L
Ljava/util/zip/Inflater;->off:I,maxTargetSdk=30&trackingBug=170729553L
Ljava/util/zip/ZipEntry;-><init>(Ljava/lang/String;Ljava/lang/String;JJJII[BJ)V,maxTargetSdk=30&trackingBug=170729553L
Ljava/util/zip/ZipEntry;->method:I,maxTargetSdk=30&trackingBug=170729553L
Ljava/util/zip/ZipFile$ZipEntryIterator;->nextElement()Ljava/util/zip/ZipEntry;,maxTargetSdk=30&trackingBug=170729553L
Ljava/util/zip/ZipFile;->getEntry(J[BZ)J,
Ljava/util/zip/ZipFile;->close(J)V,
Ljava/util/zip/ZipFile;->jzfile:J,maxTargetSdk=30&trackingBug=170729553L
Ljava/util/zip/ZipInputStream;->flag:I,maxTargetSdk=30&trackingBug=170729553L
Ljava/util/zip/ZipInputStream;->tmpbuf:[B,maxTargetSdk=30&trackingBug=170729553L
Ljava/util/zip/ZipOutputStream;->method:I,maxTargetSdk=30&trackingBug=170729553L
Ljava/util/zip/ZipOutputStream;->names:Ljava/util/HashSet;,maxTargetSdk=30&trackingBug=170729553L
Ljava/util/zip/ZipOutputStream;->written:J,
Ljavax/net/ssl/SSLServerSocketFactory;->defaultServerSocketFactory:Ljavax/net/ssl/SSLServerSocketFactory;,maxTargetSdk=28&trackingBug=118741276L&publicAlternatives=%22Use+%7B%40link+%23getDefault%28%29%7D+to+read+the+current+default%3B+from+Android+API+level+21+onwards%2C+apps+should+have+no+need+to+ever+write+this+value+because+it+is+automatically+recomputed+when+the+set+of+%7B%40link+java.security.Provider%7D+security+providers+changes.%22
Ljavax/net/ssl/SSLSocketFactory;->createSocket(Ljava/net/Socket;Ljava/io/InputStream;Z)Ljava/net/Socket;,
Ljavax/net/ssl/SSLSocketFactory;->defaultSocketFactory:Ljavax/net/ssl/SSLSocketFactory;,maxTargetSdk=28&trackingBug=118741276L&publicAlternatives=%22Use+%7B%40link+%23getDefault%28%29%7D+to+read+the+current+default%3B+from+Android+API+level+21+onwards%2C+apps+should+have+no+need+to+ever+write+this+value+because+it+is+automatically+recomputed+when+the+set+of+%7B%40link+java.security.Provider%7D+security+providers+changes.%22
Lsun/misc/ASCIICaseInsensitiveComparator;->lowerCaseHashCode(Ljava/lang/String;)I,
Lsun/misc/ASCIICaseInsensitiveComparator;->CASE_INSENSITIVE_ORDER:Ljava/util/Comparator;,
Lsun/misc/BASE64Decoder;-><init>()V,
Lsun/misc/BASE64Decoder;->pem_convert_array:[B,
Lsun/misc/BASE64Encoder;-><init>()V,
Lsun/misc/BASE64Encoder;->pem_array:[C,
Lsun/misc/CEFormatException;-><init>(Ljava/lang/String;)V,
Lsun/misc/CEStreamExhausted;-><init>()V,
Lsun/misc/CharacterDecoder;-><init>()V,
Lsun/misc/CharacterDecoder;->decodeBuffer(Ljava/lang/String;)[B,
Lsun/misc/CharacterEncoder;-><init>()V,
Lsun/misc/CharacterEncoder;->encodeBufferPrefix(Ljava/io/OutputStream;)V,
Lsun/misc/CharacterEncoder;->encode([B)Ljava/lang/String;,
Lsun/misc/CharacterEncoder;->encodeBuffer([B)Ljava/lang/String;,
Lsun/misc/CharacterEncoder;->pStream:Ljava/io/PrintStream;,
Lsun/misc/Cleaner;->create(Ljava/lang/Object;Ljava/lang/Runnable;)Lsun/misc/Cleaner;,
Lsun/misc/Cleaner;->clean()V,
Lsun/misc/FloatingDecimal;->stripLeadingZeros(Ljava/lang/String;)Ljava/lang/String;,
Lsun/misc/FloatingDecimal;->getHexDigit(Ljava/lang/String;I)I,
Lsun/misc/FloatingDecimal;->$assertionsDisabled:Z,
Lsun/misc/FormattedFloatingDecimal;->$assertionsDisabled:Z,
Lsun/misc/FpUtils;->rawCopySign(DD)D,
Lsun/misc/FpUtils;->$assertionsDisabled:Z,
Lsun/misc/HexDumpEncoder;-><init>()V,
Lsun/misc/HexDumpEncoder;->currentByte:I,
Lsun/misc/HexDumpEncoder;->offset:I,
Lsun/misc/HexDumpEncoder;->thisLine:[B,
Lsun/misc/HexDumpEncoder;->thisLineLength:I,
Lsun/misc/IOUtils;->readFully(Ljava/io/InputStream;IZ)[B,
Lsun/misc/JarIndex;-><init>([Ljava/lang/String;)V,
Lsun/misc/JarIndex;->write(Ljava/io/OutputStream;)V,
Lsun/misc/MessageUtils;-><init>()V,
Lsun/misc/MetaIndex;->forJar(Ljava/io/File;)Lsun/misc/MetaIndex;,
Lsun/misc/MetaIndex;->registerDirectory(Ljava/io/File;)V,
Lsun/misc/URLClassPath$JarLoader;->getJarFile()Ljava/util/jar/JarFile;,
Lsun/misc/URLClassPath;->lmap:Ljava/util/HashMap;,
Lsun/misc/URLClassPath;->loaders:Ljava/util/ArrayList;,
Lsun/misc/URLClassPath;->urls:Ljava/util/Stack;,
Lsun/misc/Unsafe;->getUnsafe()Lsun/misc/Unsafe;,
Lsun/misc/Unsafe;->objectFieldOffset(Ljava/lang/reflect/Field;)J,
Lsun/misc/Unsafe;->arrayBaseOffset(Ljava/lang/Class;)I,
Lsun/misc/Unsafe;->arrayIndexScale(Ljava/lang/Class;)I,
Lsun/misc/Unsafe;->getArrayBaseOffsetForComponentType(Ljava/lang/Class;)I,maxTargetSdk=26
Lsun/misc/Unsafe;->getArrayIndexScaleForComponentType(Ljava/lang/Class;)I,maxTargetSdk=26
Lsun/misc/Unsafe;->compareAndSwapInt(Ljava/lang/Object;JII)Z,
Lsun/misc/Unsafe;->compareAndSwapLong(Ljava/lang/Object;JJJ)Z,
Lsun/misc/Unsafe;->compareAndSwapObject(Ljava/lang/Object;JLjava/lang/Object;Ljava/lang/Object;)Z,
Lsun/misc/Unsafe;->getIntVolatile(Ljava/lang/Object;J)I,
Lsun/misc/Unsafe;->putIntVolatile(Ljava/lang/Object;JI)V,
Lsun/misc/Unsafe;->getLongVolatile(Ljava/lang/Object;J)J,
Lsun/misc/Unsafe;->putLongVolatile(Ljava/lang/Object;JJ)V,
Lsun/misc/Unsafe;->getObjectVolatile(Ljava/lang/Object;J)Ljava/lang/Object;,
Lsun/misc/Unsafe;->putObjectVolatile(Ljava/lang/Object;JLjava/lang/Object;)V,
Lsun/misc/Unsafe;->getInt(Ljava/lang/Object;J)I,
Lsun/misc/Unsafe;->putInt(Ljava/lang/Object;JI)V,
Lsun/misc/Unsafe;->putOrderedInt(Ljava/lang/Object;JI)V,
Lsun/misc/Unsafe;->getLong(Ljava/lang/Object;J)J,
Lsun/misc/Unsafe;->putLong(Ljava/lang/Object;JJ)V,
Lsun/misc/Unsafe;->putOrderedLong(Ljava/lang/Object;JJ)V,
Lsun/misc/Unsafe;->getObject(Ljava/lang/Object;J)Ljava/lang/Object;,
Lsun/misc/Unsafe;->putObject(Ljava/lang/Object;JLjava/lang/Object;)V,
Lsun/misc/Unsafe;->putOrderedObject(Ljava/lang/Object;JLjava/lang/Object;)V,
Lsun/misc/Unsafe;->getBoolean(Ljava/lang/Object;J)Z,
Lsun/misc/Unsafe;->putBoolean(Ljava/lang/Object;JZ)V,
Lsun/misc/Unsafe;->getByte(Ljava/lang/Object;J)B,
Lsun/misc/Unsafe;->putByte(Ljava/lang/Object;JB)V,
Lsun/misc/Unsafe;->getChar(Ljava/lang/Object;J)C,
Lsun/misc/Unsafe;->putChar(Ljava/lang/Object;JC)V,
Lsun/misc/Unsafe;->getShort(Ljava/lang/Object;J)S,
Lsun/misc/Unsafe;->putShort(Ljava/lang/Object;JS)V,
Lsun/misc/Unsafe;->getFloat(Ljava/lang/Object;J)F,
Lsun/misc/Unsafe;->putFloat(Ljava/lang/Object;JF)V,
Lsun/misc/Unsafe;->getDouble(Ljava/lang/Object;J)D,
Lsun/misc/Unsafe;->putDouble(Ljava/lang/Object;JD)V,
Lsun/misc/Unsafe;->park(ZJ)V,
Lsun/misc/Unsafe;->unpark(Ljava/lang/Object;)V,
Lsun/misc/Unsafe;->allocateInstance(Ljava/lang/Class;)Ljava/lang/Object;,
Lsun/misc/Unsafe;->addressSize()I,
Lsun/misc/Unsafe;->pageSize()I,
Lsun/misc/Unsafe;->allocateMemory(J)J,
Lsun/misc/Unsafe;->freeMemory(J)V,
Lsun/misc/Unsafe;->setMemory(JJB)V,
Lsun/misc/Unsafe;->getByte(J)B,
Lsun/misc/Unsafe;->putByte(JB)V,
Lsun/misc/Unsafe;->getShort(J)S,
Lsun/misc/Unsafe;->putShort(JS)V,
Lsun/misc/Unsafe;->getChar(J)C,
Lsun/misc/Unsafe;->putChar(JC)V,
Lsun/misc/Unsafe;->getInt(J)I,
Lsun/misc/Unsafe;->putInt(JI)V,
Lsun/misc/Unsafe;->getLong(J)J,
Lsun/misc/Unsafe;->putLong(JJ)V,
Lsun/misc/Unsafe;->getFloat(J)F,
Lsun/misc/Unsafe;->putFloat(JF)V,
Lsun/misc/Unsafe;->getDouble(J)D,
Lsun/misc/Unsafe;->putDouble(JD)V,
Lsun/misc/Unsafe;->copyMemoryToPrimitiveArray(JLjava/lang/Object;JJ)V,maxTargetSdk=30&trackingBug=170729553L
Lsun/misc/Unsafe;->copyMemoryFromPrimitiveArray(Ljava/lang/Object;JJJ)V,maxTargetSdk=30&trackingBug=170729553L
Lsun/misc/Unsafe;->copyMemory(JJJ)V,
Lsun/misc/Unsafe;->getAndAddInt(Ljava/lang/Object;JI)I,maxTargetSdk=30&trackingBug=170729553L
Lsun/misc/Unsafe;->getAndAddLong(Ljava/lang/Object;JJ)J,maxTargetSdk=30&trackingBug=170729553L
Lsun/misc/Unsafe;->getAndSetInt(Ljava/lang/Object;JI)I,maxTargetSdk=30&trackingBug=170729553L
Lsun/misc/Unsafe;->getAndSetLong(Ljava/lang/Object;JJ)J,maxTargetSdk=30&trackingBug=170729553L
Lsun/misc/Unsafe;->getAndSetObject(Ljava/lang/Object;JLjava/lang/Object;)Ljava/lang/Object;,
Lsun/misc/Unsafe;->loadFence()V,
Lsun/misc/Unsafe;->storeFence()V,
Lsun/misc/Unsafe;->fullFence()V,
Lsun/misc/Unsafe;->INVALID_FIELD_OFFSET:I,maxTargetSdk=30&trackingBug=170729553L
Lsun/misc/Unsafe;->THE_ONE:Lsun/misc/Unsafe;,
Lsun/misc/Unsafe;->theUnsafe:Lsun/misc/Unsafe;,
Lsun/misc/VM;->maxDirectMemory()J,
Lsun/net/ftp/FtpClient;-><init>()V,
Lsun/net/util/IPAddressUtil;->isIPv4LiteralAddress(Ljava/lang/String;)Z,maxTargetSdk=30&trackingBug=170729553L
Lsun/net/util/IPAddressUtil;->isIPv6LiteralAddress(Ljava/lang/String;)Z,maxTargetSdk=30&trackingBug=170729553L
Lsun/net/www/MessageHeader;-><init>()V,
Lsun/net/www/MessageHeader;-><init>(Ljava/io/InputStream;)V,
Lsun/net/www/MessageHeader;->findValue(Ljava/lang/String;)Ljava/lang/String;,
Lsun/net/www/MessageHeader;->print(Ljava/io/PrintStream;)V,
Lsun/net/www/MessageHeader;->add(Ljava/lang/String;Ljava/lang/String;)V,
Lsun/net/www/MessageHeader;->prepend(Ljava/lang/String;Ljava/lang/String;)V,
Lsun/net/www/MessageHeader;->set(Ljava/lang/String;Ljava/lang/String;)V,
Lsun/net/www/ParseUtil;->encodePath(Ljava/lang/String;Z)Ljava/lang/String;,
Lsun/net/www/ParseUtil;->decode(Ljava/lang/String;)Ljava/lang/String;,
Lsun/net/www/ParseUtil;->fileToEncodedURL(Ljava/io/File;)Ljava/net/URL;,
Lsun/net/www/URLConnection;-><init>(Ljava/net/URL;)V,maxTargetSdk=30&trackingBug=170729553L
Lsun/net/www/URLConnection;->setProperties(Lsun/net/www/MessageHeader;)V,maxTargetSdk=30&trackingBug=170729553L
Lsun/nio/ch/DirectBuffer;->address()J,
Lsun/nio/ch/DirectBuffer;->cleaner()Lsun/misc/Cleaner;,
Lsun/nio/ch/FileChannelImpl;->unmap0(JJ)I,
Lsun/nio/ch/SelectorImpl;->publicSelectedKeys:Ljava/util/Set;,
Lsun/nio/ch/SelectorImpl;->selectedKeys:Ljava/util/Set;,
Lsun/nio/cs/HistoricallyNamedCharset;->historicalName()Ljava/lang/String;,
Lsun/nio/cs/ThreadLocalCoders;->decoderFor(Ljava/lang/Object;)Ljava/nio/charset/CharsetDecoder;,
Lsun/nio/fs/BasicFileAttributesHolder;->get()Ljava/nio/file/attribute/BasicFileAttributes;,maxTargetSdk=30&trackingBug=170729553L
Lsun/reflect/Reflection;->ensureMemberAccess(Ljava/lang/Class;Ljava/lang/Class;Ljava/lang/Object;I)V,
Lsun/reflect/Reflection;->isSubclassOf(Ljava/lang/Class;Ljava/lang/Class;)Z,
Lsun/reflect/misc/ReflectUtil;->isSubclassOf(Ljava/lang/Class;Ljava/lang/Class;)Z,
Lsun/reflect/misc/ReflectUtil;->checkPackageAccess(Ljava/lang/Class;)V,
Lsun/reflect/misc/ReflectUtil;->checkPackageAccess(Ljava/lang/String;)V,
Lsun/reflect/misc/ReflectUtil;->isPackageAccessible(Ljava/lang/Class;)Z,
Lsun/security/action/GetBooleanAction;-><init>(Ljava/lang/String;)V,
Lsun/security/action/GetIntegerAction;-><init>(Ljava/lang/String;I)V,
Lsun/security/action/GetPropertyAction;-><init>(Ljava/lang/String;)V,
Lsun/security/action/GetPropertyAction;-><init>(Ljava/lang/String;Ljava/lang/String;)V,
Lsun/security/jca/GetInstance$Instance;->impl:Ljava/lang/Object;,maxTargetSdk=30&trackingBug=170729553L
Lsun/security/jca/GetInstance$Instance;->provider:Ljava/security/Provider;,maxTargetSdk=30&trackingBug=170729553L
Lsun/security/jca/GetInstance;->getInstance(Ljava/lang/String;Ljava/lang/Class;Ljava/lang/String;Ljava/lang/Object;)Lsun/security/jca/GetInstance$Instance;,maxTargetSdk=30&trackingBug=170729553L
Lsun/security/jca/GetInstance;->getInstance(Ljava/lang/String;Ljava/lang/Class;Ljava/lang/String;Ljava/lang/Object;Ljava/lang/String;)Lsun/security/jca/GetInstance$Instance;,maxTargetSdk=30&trackingBug=170729553L
Lsun/security/jca/GetInstance;->getInstance(Ljava/lang/String;Ljava/lang/Class;Ljava/lang/String;Ljava/lang/Object;Ljava/security/Provider;)Lsun/security/jca/GetInstance$Instance;,maxTargetSdk=30&trackingBug=170729553L
Lsun/security/jca/JCAUtil;->getSecureRandom()Ljava/security/SecureRandom;,maxTargetSdk=30&trackingBug=170729553L
Lsun/security/jca/ProviderConfig;->hasArgument()Z,maxTargetSdk=30&trackingBug=170729553L
Lsun/security/jca/ProviderConfig;->disableLoad()V,maxTargetSdk=30&trackingBug=170729553L
Lsun/security/jca/ProviderConfig;->CL_STRING:[Ljava/lang/Class;,maxTargetSdk=30&trackingBug=170729553L
Lsun/security/jca/ProviderConfig;->argument:Ljava/lang/String;,maxTargetSdk=30&trackingBug=170729553L
Lsun/security/jca/ProviderList;->getService(Ljava/lang/String;Ljava/lang/String;)Ljava/security/Provider$Service;,
Lsun/security/jca/Providers;->startJarVerification()Ljava/lang/Object;,maxTargetSdk=30&trackingBug=170729553L
Lsun/security/jca/Providers;->stopJarVerification(Ljava/lang/Object;)V,maxTargetSdk=30&trackingBug=170729553L
Lsun/security/jca/Providers;->getProviderList()Lsun/security/jca/ProviderList;,
Lsun/security/pkcs/ContentInfo;-><init>(Lsun/security/util/ObjectIdentifier;Lsun/security/util/DerValue;)V,
Lsun/security/pkcs/ContentInfo;-><init>([B)V,
Lsun/security/pkcs/ContentInfo;->getData()[B,
Lsun/security/pkcs/ContentInfo;->encode(Lsun/security/util/DerOutputStream;)V,
Lsun/security/pkcs/ContentInfo;->DATA_OID:Lsun/security/util/ObjectIdentifier;,
Lsun/security/pkcs/PKCS7;-><init>([B)V,
Lsun/security/pkcs/PKCS7;-><init>([Lsun/security/x509/AlgorithmId;Lsun/security/pkcs/ContentInfo;[Ljava/security/cert/X509Certificate;[Ljava/security/cert/X509CRL;[Lsun/security/pkcs/SignerInfo;)V,
Lsun/security/pkcs/PKCS7;-><init>([Lsun/security/x509/AlgorithmId;Lsun/security/pkcs/ContentInfo;[Ljava/security/cert/X509Certificate;[Lsun/security/pkcs/SignerInfo;)V,
Lsun/security/pkcs/PKCS7;->encodeSignedData(Ljava/io/OutputStream;)V,
Lsun/security/pkcs/PKCS7;->verify(Lsun/security/pkcs/SignerInfo;[B)Lsun/security/pkcs/SignerInfo;,
Lsun/security/pkcs/PKCS7;->verify([B)[Lsun/security/pkcs/SignerInfo;,
Lsun/security/pkcs/PKCS7;->getContentInfo()Lsun/security/pkcs/ContentInfo;,
Lsun/security/pkcs/PKCS7;->getCertificates()[Ljava/security/cert/X509Certificate;,
Lsun/security/pkcs/PKCS7;->getSignerInfos()[Lsun/security/pkcs/SignerInfo;,
Lsun/security/pkcs/PKCS8Key;-><init>()V,
Lsun/security/pkcs/PKCS8Key;->algid:Lsun/security/x509/AlgorithmId;,
Lsun/security/pkcs/PKCS8Key;->encodedKey:[B,
Lsun/security/pkcs/PKCS8Key;->key:[B,
Lsun/security/pkcs/PKCS9Attribute;-><init>(Lsun/security/util/ObjectIdentifier;Ljava/lang/Object;)V,
Lsun/security/pkcs/PKCS9Attribute;-><init>(Ljava/lang/String;Ljava/lang/Object;)V,
Lsun/security/pkcs/PKCS9Attribute;-><init>(Lsun/security/util/DerValue;)V,
Lsun/security/pkcs/PKCS9Attribute;->derEncode(Ljava/io/OutputStream;)V,
Lsun/security/pkcs/PKCS9Attribute;->getValue()Ljava/lang/Object;,
Lsun/security/pkcs/PKCS9Attribute;->getOID()Lsun/security/util/ObjectIdentifier;,
Lsun/security/pkcs/PKCS9Attribute;->CONTENT_TYPE_OID:Lsun/security/util/ObjectIdentifier;,
Lsun/security/pkcs/PKCS9Attribute;->EMAIL_ADDRESS_OID:Lsun/security/util/ObjectIdentifier;,
Lsun/security/pkcs/PKCS9Attribute;->MESSAGE_DIGEST_OID:Lsun/security/util/ObjectIdentifier;,
Lsun/security/pkcs/PKCS9Attribute;->SIGNING_TIME_OID:Lsun/security/util/ObjectIdentifier;,
Lsun/security/pkcs/PKCS9Attributes;-><init>(Lsun/security/util/DerInputStream;)V,
Lsun/security/pkcs/PKCS9Attributes;-><init>(Lsun/security/util/DerInputStream;Z)V,
Lsun/security/pkcs/PKCS9Attributes;-><init>([Lsun/security/pkcs/PKCS9Attribute;)V,
Lsun/security/pkcs/PKCS9Attributes;->encode(BLjava/io/OutputStream;)V,
Lsun/security/pkcs/PKCS9Attributes;->getDerEncoding()[B,
Lsun/security/pkcs/PKCS9Attributes;->getAttribute(Ljava/lang/String;)Lsun/security/pkcs/PKCS9Attribute;,maxTargetSdk=30&trackingBug=170729553L
Lsun/security/pkcs/PKCS9Attributes;->getAttributeValue(Lsun/security/util/ObjectIdentifier;)Ljava/lang/Object;,
Lsun/security/pkcs/ParsingException;-><init>(Ljava/lang/String;)V,
Lsun/security/pkcs/SignerInfo;-><init>(Lsun/security/x509/X500Name;Ljava/math/BigInteger;Lsun/security/x509/AlgorithmId;Lsun/security/x509/AlgorithmId;[B)V,
Lsun/security/pkcs/SignerInfo;-><init>(Lsun/security/x509/X500Name;Ljava/math/BigInteger;Lsun/security/x509/AlgorithmId;Lsun/security/pkcs/PKCS9Attributes;Lsun/security/x509/AlgorithmId;[BLsun/security/pkcs/PKCS9Attributes;)V,
Lsun/security/pkcs/SignerInfo;->getCertificate(Lsun/security/pkcs/PKCS7;)Ljava/security/cert/X509Certificate;,
Lsun/security/pkcs/SignerInfo;->getCertificateChain(Lsun/security/pkcs/PKCS7;)Ljava/util/ArrayList;,
Lsun/security/pkcs/SignerInfo;->getDigestAlgorithmId()Lsun/security/x509/AlgorithmId;,
Lsun/security/pkcs/SignerInfo;->getDigestEncryptionAlgorithmId()Lsun/security/x509/AlgorithmId;,
Lsun/security/pkcs/SignerInfo;->getEncryptedDigest()[B,maxTargetSdk=30&trackingBug=170729553L
Lsun/security/provider/X509Factory;->intern(Ljava/security/cert/X509Certificate;)Lsun/security/x509/X509CertImpl;,
Lsun/security/provider/X509Factory;->intern(Ljava/security/cert/X509CRL;)Lsun/security/x509/X509CRLImpl;,
Lsun/security/provider/X509Factory;->getFromCache(Lsun/security/util/Cache;[B)Ljava/lang/Object;,
Lsun/security/provider/X509Factory;->addToCache(Lsun/security/util/Cache;[BLjava/lang/Object;)V,
Lsun/security/provider/X509Factory;->certCache:Lsun/security/util/Cache;,
Lsun/security/provider/X509Factory;->crlCache:Lsun/security/util/Cache;,
Lsun/security/provider/certpath/X509CertPath;-><init>(Ljava/util/List;)V,
Lsun/security/provider/certpath/X509CertPath;-><init>(Ljava/io/InputStream;)V,
Lsun/security/provider/certpath/X509CertPath;-><init>(Ljava/io/InputStream;Ljava/lang/String;)V,
Lsun/security/provider/certpath/X509CertPath;->getEncodingsStatic()Ljava/util/Iterator;,
Lsun/security/provider/certpath/X509CertPath;->certs:Ljava/util/List;,
Lsun/security/provider/certpath/X509CertificatePair;->clearCache()V,
Lsun/security/timestamp/TimestampToken;-><init>([B)V,
Lsun/security/timestamp/TimestampToken;->getDate()Ljava/util/Date;,maxTargetSdk=30&trackingBug=170729553L
Lsun/security/timestamp/TimestampToken;->getHashAlgorithm()Lsun/security/x509/AlgorithmId;,
Lsun/security/timestamp/TimestampToken;->getHashedMessage()[B,
Lsun/security/timestamp/TimestampToken;->getNonce()Ljava/math/BigInteger;,
Lsun/security/util/BitArray;-><init>(I[B)V,
Lsun/security/util/BitArray;->toByteArray()[B,
Lsun/security/util/Cache;-><init>()V,
Lsun/security/util/Cache;->clear()V,
Lsun/security/util/Cache;->put(Ljava/lang/Object;Ljava/lang/Object;)V,
Lsun/security/util/Cache;->get(Ljava/lang/Object;)Ljava/lang/Object;,
Lsun/security/util/Cache;->newHardMemoryCache(I)Lsun/security/util/Cache;,maxTargetSdk=30&trackingBug=170729553L
Lsun/security/util/Debug;->getInstance(Ljava/lang/String;)Lsun/security/util/Debug;,
Lsun/security/util/Debug;->println(Ljava/lang/String;)V,
Lsun/security/util/Debug;->println()V,
Lsun/security/util/Debug;->toHexString(Ljava/math/BigInteger;)Ljava/lang/String;,
Lsun/security/util/DerIndefLenConverter;-><init>()V,
Lsun/security/util/DerIndefLenConverter;->isIndefinite(I)Z,
Lsun/security/util/DerIndefLenConverter;->parseTag()V,
Lsun/security/util/DerIndefLenConverter;->writeTag()V,
Lsun/security/util/DerIndefLenConverter;->parseLength()I,
Lsun/security/util/DerIndefLenConverter;->writeLengthAndValue()V,
Lsun/security/util/DerIndefLenConverter;->parseValue(I)V,
Lsun/security/util/DerIndefLenConverter;->convert([B)[B,
Lsun/security/util/DerIndefLenConverter;->data:[B,
Lsun/security/util/DerIndefLenConverter;->dataPos:I,
Lsun/security/util/DerIndefLenConverter;->dataSize:I,
Lsun/security/util/DerIndefLenConverter;->newData:[B,
Lsun/security/util/DerIndefLenConverter;->numOfTotalLenBytes:I,
Lsun/security/util/DerInputStream;-><init>([B)V,
Lsun/security/util/DerInputStream;->subStream(IZ)Lsun/security/util/DerInputStream;,
Lsun/security/util/DerInputStream;->getInteger()I,
Lsun/security/util/DerInputStream;->getBigInteger()Ljava/math/BigInteger;,
Lsun/security/util/DerInputStream;->getBitString()[B,
Lsun/security/util/DerInputStream;->getOctetString()[B,
Lsun/security/util/DerInputStream;->getOID()Lsun/security/util/ObjectIdentifier;,
Lsun/security/util/DerInputStream;->getSequence(I)[Lsun/security/util/DerValue;,
Lsun/security/util/DerInputStream;->getSet(I)[Lsun/security/util/DerValue;,
Lsun/security/util/DerInputStream;->getSet(IZ)[Lsun/security/util/DerValue;,
Lsun/security/util/DerInputStream;->getDerValue()Lsun/security/util/DerValue;,
Lsun/security/util/DerInputStream;->getUTF8String()Ljava/lang/String;,maxTargetSdk=30&trackingBug=170729553L
Lsun/security/util/DerInputStream;->getUTCTime()Ljava/util/Date;,
Lsun/security/util/DerInputStream;->peekByte()I,
Lsun/security/util/DerInputStream;->mark(I)V,
Lsun/security/util/DerInputStream;->reset()V,
Lsun/security/util/DerInputStream;->available()I,
Lsun/security/util/DerInputStream;->tag:B,
Lsun/security/util/DerOutputStream;-><init>(I)V,maxTargetSdk=30&trackingBug=170729553L
Lsun/security/util/DerOutputStream;-><init>()V,
Lsun/security/util/DerOutputStream;->write(B[B)V,
Lsun/security/util/DerOutputStream;->write(BLsun/security/util/DerOutputStream;)V,
Lsun/security/util/DerOutputStream;->putDerValue(Lsun/security/util/DerValue;)V,
Lsun/security/util/DerOutputStream;->putBoolean(Z)V,
Lsun/security/util/DerOutputStream;->putInteger(Ljava/math/BigInteger;)V,
Lsun/security/util/DerOutputStream;->putInteger(I)V,
Lsun/security/util/DerOutputStream;->putBitString([B)V,
Lsun/security/util/DerOutputStream;->putOctetString([B)V,
Lsun/security/util/DerOutputStream;->putNull()V,
Lsun/security/util/DerOutputStream;->putOID(Lsun/security/util/ObjectIdentifier;)V,
Lsun/security/util/DerOutputStream;->putSequence([Lsun/security/util/DerValue;)V,
Lsun/security/util/DerOutputStream;->putOrderedSetOf(B[Lsun/security/util/DerEncoder;)V,
Lsun/security/util/DerOutputStream;->putUTF8String(Ljava/lang/String;)V,
Lsun/security/util/DerOutputStream;->putPrintableString(Ljava/lang/String;)V,
Lsun/security/util/DerOutputStream;->putIA5String(Ljava/lang/String;)V,
Lsun/security/util/DerOutputStream;->putUTCTime(Ljava/util/Date;)V,
Lsun/security/util/DerValue;-><init>(Ljava/lang/String;)V,
Lsun/security/util/DerValue;-><init>(B[B)V,
Lsun/security/util/DerValue;-><init>([B)V,
Lsun/security/util/DerValue;-><init>([BII)V,
Lsun/security/util/DerValue;-><init>(Ljava/io/InputStream;)V,
Lsun/security/util/DerValue;->isContextSpecific()Z,
Lsun/security/util/DerValue;->isContextSpecific(B)Z,
Lsun/security/util/DerValue;->isConstructed()Z,
Lsun/security/util/DerValue;->encode(Lsun/security/util/DerOutputStream;)V,
Lsun/security/util/DerValue;->getData()Lsun/security/util/DerInputStream;,
Lsun/security/util/DerValue;->getOID()Lsun/security/util/ObjectIdentifier;,
Lsun/security/util/DerValue;->getOctetString()[B,
Lsun/security/util/DerValue;->getBigInteger()Ljava/math/BigInteger;,
Lsun/security/util/DerValue;->getPositiveBigInteger()Ljava/math/BigInteger;,maxTargetSdk=30&trackingBug=170729553L
Lsun/security/util/DerValue;->getBitString()[B,
Lsun/security/util/DerValue;->getUnalignedBitString()Lsun/security/util/BitArray;,
Lsun/security/util/DerValue;->getAsString()Ljava/lang/String;,
Lsun/security/util/DerValue;->getDataBytes()[B,
Lsun/security/util/DerValue;->toByteArray()[B,
Lsun/security/util/DerValue;->toDerInputStream()Lsun/security/util/DerInputStream;,
Lsun/security/util/DerValue;->isPrintableStringChar(C)Z,
Lsun/security/util/DerValue;->createTag(BZB)B,
Lsun/security/util/DerValue;->resetTag(B)V,
Lsun/security/util/DerValue;->buffer:Lsun/security/util/DerInputBuffer;,
Lsun/security/util/DerValue;->data:Lsun/security/util/DerInputStream;,
Lsun/security/util/DerValue;->tag:B,
Lsun/security/util/ManifestDigester$Entry;->digest(Ljava/security/MessageDigest;)[B,
Lsun/security/util/ManifestDigester$Entry;->digestWorkaround(Ljava/security/MessageDigest;)[B,maxTargetSdk=30&trackingBug=170729553L
Lsun/security/util/ManifestDigester;-><init>([B)V,
Lsun/security/util/ManifestDigester;->get(Ljava/lang/String;Z)Lsun/security/util/ManifestDigester$Entry;,
Lsun/security/util/ManifestDigester;->manifestDigest(Ljava/security/MessageDigest;)[B,
Lsun/security/util/MemoryCache$HardCacheEntry;-><init>(Ljava/lang/Object;Ljava/lang/Object;J)V,
Lsun/security/util/MemoryCache$SoftCacheEntry;-><init>(Ljava/lang/Object;Ljava/lang/Object;JLjava/lang/ref/ReferenceQueue;)V,
Lsun/security/util/ObjectIdentifier;-><init>(Ljava/lang/String;)V,
Lsun/security/util/ObjectIdentifier;-><init>([I)V,
Lsun/security/util/ObjectIdentifier;->newInternal([I)Lsun/security/util/ObjectIdentifier;,
Lsun/security/util/ObjectIdentifier;->equals(Lsun/security/util/ObjectIdentifier;)Z,
Lsun/security/util/PropertyExpander;->expand(Ljava/lang/String;)Ljava/lang/String;,maxTargetSdk=30&trackingBug=170729553L
Lsun/security/util/ResourcesMgr;->getString(Ljava/lang/String;)Ljava/lang/String;,maxTargetSdk=30&trackingBug=170729553L
Lsun/security/util/SecurityConstants;->CREATE_CLASSLOADER_PERMISSION:Ljava/lang/RuntimePermission;,
Lsun/security/util/SecurityConstants;->GET_CLASSLOADER_PERMISSION:Ljava/lang/RuntimePermission;,
Lsun/security/util/SecurityConstants;->MODIFY_THREADGROUP_PERMISSION:Ljava/lang/RuntimePermission;,
Lsun/security/util/SecurityConstants;->MODIFY_THREAD_PERMISSION:Ljava/lang/RuntimePermission;,
Lsun/security/util/SignatureFileVerifier;->isBlockOrSF(Ljava/lang/String;)Z,
Lsun/security/x509/AVA;-><init>(Lsun/security/util/ObjectIdentifier;Lsun/security/util/DerValue;)V,
Lsun/security/x509/AVA;->getObjectIdentifier()Lsun/security/util/ObjectIdentifier;,
Lsun/security/x509/AVA;->getDerValue()Lsun/security/util/DerValue;,
Lsun/security/x509/AVA;->getValueString()Ljava/lang/String;,
Lsun/security/x509/AVA;->toRFC2253CanonicalString()Ljava/lang/String;,
Lsun/security/x509/AVA;->hasRFC2253Keyword()Z,
Lsun/security/x509/AVAComparator;->INSTANCE:Ljava/util/Comparator;,
Lsun/security/x509/AVAKeyword;->isCompliant(I)Z,
Lsun/security/x509/AVAKeyword;->getOID(Ljava/lang/String;ILjava/util/Map;)Lsun/security/util/ObjectIdentifier;,
Lsun/security/x509/AVAKeyword;->keyword:Ljava/lang/String;,
Lsun/security/x509/AVAKeyword;->keywordMap:Ljava/util/Map;,
Lsun/security/x509/AVAKeyword;->oid:Lsun/security/util/ObjectIdentifier;,
Lsun/security/x509/AVAKeyword;->oidMap:Ljava/util/Map;,
Lsun/security/x509/AccessDescription;-><init>(Lsun/security/util/DerValue;)V,
Lsun/security/x509/AccessDescription;->getAccessMethod()Lsun/security/util/ObjectIdentifier;,
Lsun/security/x509/AccessDescription;->getAccessLocation()Lsun/security/x509/GeneralName;,
Lsun/security/x509/AlgorithmId;-><init>()V,
Lsun/security/x509/AlgorithmId;-><init>(Lsun/security/util/ObjectIdentifier;)V,
Lsun/security/x509/AlgorithmId;-><init>(Lsun/security/util/ObjectIdentifier;Ljava/security/AlgorithmParameters;)V,
Lsun/security/x509/AlgorithmId;->encode(Lsun/security/util/DerOutputStream;)V,
Lsun/security/x509/AlgorithmId;->derEncode(Ljava/io/OutputStream;)V,
Lsun/security/x509/AlgorithmId;->encode()[B,maxTargetSdk=30&trackingBug=170729553L
Lsun/security/x509/AlgorithmId;->getOID()Lsun/security/util/ObjectIdentifier;,
Lsun/security/x509/AlgorithmId;->getName()Ljava/lang/String;,
Lsun/security/x509/AlgorithmId;->getParameters()Ljava/security/AlgorithmParameters;,
Lsun/security/x509/AlgorithmId;->getEncodedParams()[B,
Lsun/security/x509/AlgorithmId;->equals(Lsun/security/x509/AlgorithmId;)Z,
Lsun/security/x509/AlgorithmId;->parse(Lsun/security/util/DerValue;)Lsun/security/x509/AlgorithmId;,
Lsun/security/x509/AlgorithmId;->getAlgorithmId(Ljava/lang/String;)Lsun/security/x509/AlgorithmId;,
Lsun/security/x509/AlgorithmId;->get(Ljava/lang/String;)Lsun/security/x509/AlgorithmId;,
Lsun/security/x509/AlgorithmId;->getEncAlgFromSigAlg(Ljava/lang/String;)Ljava/lang/String;,
Lsun/security/x509/AlgorithmId;->getDigAlgFromSigAlg(Ljava/lang/String;)Ljava/lang/String;,
Lsun/security/x509/AlgorithmId;->DSA_oid:Lsun/security/util/ObjectIdentifier;,
Lsun/security/x509/AlgorithmId;->EC_oid:Lsun/security/util/ObjectIdentifier;,
Lsun/security/x509/AlgorithmId;->MD2_oid:Lsun/security/util/ObjectIdentifier;,
Lsun/security/x509/AlgorithmId;->MD5_oid:Lsun/security/util/ObjectIdentifier;,
Lsun/security/x509/AlgorithmId;->RSAEncryption_oid:Lsun/security/util/ObjectIdentifier;,
Lsun/security/x509/AlgorithmId;->SHA256_oid:Lsun/security/util/ObjectIdentifier;,
Lsun/security/x509/AlgorithmId;->SHA384_oid:Lsun/security/util/ObjectIdentifier;,
Lsun/security/x509/AlgorithmId;->SHA512_oid:Lsun/security/util/ObjectIdentifier;,
Lsun/security/x509/AlgorithmId;->SHA_oid:Lsun/security/util/ObjectIdentifier;,
Lsun/security/x509/AlgorithmId;->params:Lsun/security/util/DerValue;,
Lsun/security/x509/AlgorithmId;->sha1WithRSAEncryption_oid:Lsun/security/util/ObjectIdentifier;,
Lsun/security/x509/AttributeNameEnumeration;-><init>()V,
Lsun/security/x509/CRLDistributionPointsExtension;->encodeThis()V,
Lsun/security/x509/CRLNumberExtension;-><init>(Ljava/lang/Boolean;Ljava/lang/Object;)V,
Lsun/security/x509/CRLNumberExtension;->encodeThis()V,
Lsun/security/x509/CRLNumberExtension;->get(Ljava/lang/String;)Ljava/math/BigInteger;,maxTargetSdk=30&trackingBug=170729553L
Lsun/security/x509/CertificateAlgorithmId;-><init>(Lsun/security/x509/AlgorithmId;)V,
Lsun/security/x509/CertificateExtensions;-><init>()V,
Lsun/security/x509/CertificateExtensions;-><init>(Lsun/security/util/DerInputStream;)V,
Lsun/security/x509/CertificateExtensions;->encode(Ljava/io/OutputStream;Z)V,
Lsun/security/x509/CertificateExtensions;->set(Ljava/lang/String;Ljava/lang/Object;)V,
Lsun/security/x509/CertificateExtensions;->get(Ljava/lang/String;)Lsun/security/x509/Extension;,maxTargetSdk=30&trackingBug=170729553L
Lsun/security/x509/CertificateIssuerName;-><init>(Lsun/security/x509/X500Name;)V,
Lsun/security/x509/CertificateSerialNumber;-><init>(Ljava/math/BigInteger;)V,
Lsun/security/x509/CertificateSerialNumber;-><init>(I)V,
Lsun/security/x509/CertificateSubjectName;-><init>(Lsun/security/x509/X500Name;)V,
Lsun/security/x509/CertificateSubjectName;->get(Ljava/lang/String;)Ljava/lang/Object;,
Lsun/security/x509/CertificateValidity;-><init>(Ljava/util/Date;Ljava/util/Date;)V,
Lsun/security/x509/CertificateVersion;-><init>(I)V,
Lsun/security/x509/CertificateX509Key;-><init>(Ljava/security/PublicKey;)V,
Lsun/security/x509/Extension;-><init>(Lsun/security/x509/Extension;)V,
Lsun/security/x509/Extension;->encode(Lsun/security/util/DerOutputStream;)V,
Lsun/security/x509/Extension;->getExtensionId()Lsun/security/util/ObjectIdentifier;,
Lsun/security/x509/GeneralName;-><init>(Lsun/security/x509/GeneralNameInterface;)V,
Lsun/security/x509/GeneralName;->getType()I,
Lsun/security/x509/GeneralName;->getName()Lsun/security/x509/GeneralNameInterface;,
Lsun/security/x509/GeneralNames;-><init>(Lsun/security/util/DerValue;)V,
Lsun/security/x509/GeneralNames;-><init>()V,
Lsun/security/x509/GeneralNames;->add(Lsun/security/x509/GeneralName;)Lsun/security/x509/GeneralNames;,
Lsun/security/x509/GeneralNames;->isEmpty()Z,
Lsun/security/x509/GeneralNames;->encode(Lsun/security/util/DerOutputStream;)V,
Lsun/security/x509/KeyIdentifier;-><init>(Ljava/security/PublicKey;)V,
Lsun/security/x509/KeyIdentifier;->getIdentifier()[B,
Lsun/security/x509/KeyIdentifier;->octetString:[B,
Lsun/security/x509/KeyUsageExtension;-><init>([Z)V,
Lsun/security/x509/KeyUsageExtension;->get(Ljava/lang/String;)Ljava/lang/Boolean;,maxTargetSdk=30&trackingBug=170729553L
Lsun/security/x509/NetscapeCertTypeExtension;-><init>([B)V,
Lsun/security/x509/NetscapeCertTypeExtension;->get(Ljava/lang/String;)Ljava/lang/Boolean;,maxTargetSdk=30&trackingBug=170729553L
Lsun/security/x509/OIDMap$OIDInfo;->clazz:Ljava/lang/Class;,
Lsun/security/x509/OIDMap;->getClass(Lsun/security/util/ObjectIdentifier;)Ljava/lang/Class;,
Lsun/security/x509/OIDMap;->nameMap:Ljava/util/Map;,
Lsun/security/x509/OIDMap;->oidMap:Ljava/util/Map;,
Lsun/security/x509/PKIXExtensions;->CertificateIssuer_Id:Lsun/security/util/ObjectIdentifier;,
Lsun/security/x509/SerialNumber;-><init>(Lsun/security/util/DerValue;)V,
Lsun/security/x509/SubjectAlternativeNameExtension;->get(Ljava/lang/String;)Lsun/security/x509/GeneralNames;,maxTargetSdk=30&trackingBug=170729553L
Lsun/security/x509/SubjectKeyIdentifierExtension;-><init>([B)V,
Lsun/security/x509/URIName;->getName()Ljava/lang/String;,
Lsun/security/x509/URIName;->getScheme()Ljava/lang/String;,
Lsun/security/x509/UniqueIdentity;-><init>(Lsun/security/util/DerInputStream;)V,
Lsun/security/x509/UniqueIdentity;-><init>(Lsun/security/util/DerValue;)V,
Lsun/security/x509/UniqueIdentity;->encode(Lsun/security/util/DerOutputStream;B)V,
Lsun/security/x509/X500Name;-><init>(Ljava/lang/String;)V,
Lsun/security/x509/X500Name;-><init>(Ljava/lang/String;Ljava/lang/String;)V,
Lsun/security/x509/X500Name;-><init>(Ljava/lang/String;Ljava/lang/String;Ljava/lang/String;Ljava/lang/String;)V,maxTargetSdk=30&trackingBug=170729553L
Lsun/security/x509/X500Name;-><init>(Ljava/lang/String;Ljava/lang/String;Ljava/lang/String;Ljava/lang/String;Ljava/lang/String;Ljava/lang/String;)V,maxTargetSdk=30&trackingBug=170729553L
Lsun/security/x509/X500Name;-><init>(Lsun/security/util/DerValue;)V,
Lsun/security/x509/X500Name;-><init>(Lsun/security/util/DerInputStream;)V,
Lsun/security/x509/X500Name;-><init>([B)V,
Lsun/security/x509/X500Name;->allAvas()Ljava/util/List;,
Lsun/security/x509/X500Name;->isEmpty()Z,
Lsun/security/x509/X500Name;->getCommonName()Ljava/lang/String;,
Lsun/security/x509/X500Name;->encode(Lsun/security/util/DerOutputStream;)V,
Lsun/security/x509/X500Name;->asX500Principal()Ljavax/security/auth/x500/X500Principal;,
Lsun/security/x509/X500Name;->asX500Name(Ljavax/security/auth/x500/X500Principal;)Lsun/security/x509/X500Name;,
Lsun/security/x509/X500Name;->DNQUALIFIER_OID:Lsun/security/util/ObjectIdentifier;,
Lsun/security/x509/X500Name;->DOMAIN_COMPONENT_OID:Lsun/security/util/ObjectIdentifier;,
Lsun/security/x509/X500Name;->GENERATIONQUALIFIER_OID:Lsun/security/util/ObjectIdentifier;,
Lsun/security/x509/X500Name;->GIVENNAME_OID:Lsun/security/util/ObjectIdentifier;,
Lsun/security/x509/X500Name;->INITIALS_OID:Lsun/security/util/ObjectIdentifier;,
Lsun/security/x509/X500Name;->SERIALNUMBER_OID:Lsun/security/util/ObjectIdentifier;,
Lsun/security/x509/X500Name;->SURNAME_OID:Lsun/security/util/ObjectIdentifier;,
Lsun/security/x509/X500Name;->commonName_oid:Lsun/security/util/ObjectIdentifier;,
Lsun/security/x509/X500Name;->countryName_oid:Lsun/security/util/ObjectIdentifier;,
Lsun/security/x509/X500Name;->ipAddress_oid:Lsun/security/util/ObjectIdentifier;,
Lsun/security/x509/X500Name;->localityName_oid:Lsun/security/util/ObjectIdentifier;,
Lsun/security/x509/X500Name;->orgName_oid:Lsun/security/util/ObjectIdentifier;,
Lsun/security/x509/X500Name;->orgUnitName_oid:Lsun/security/util/ObjectIdentifier;,
Lsun/security/x509/X500Name;->stateName_oid:Lsun/security/util/ObjectIdentifier;,
Lsun/security/x509/X500Name;->streetAddress_oid:Lsun/security/util/ObjectIdentifier;,
Lsun/security/x509/X500Name;->title_oid:Lsun/security/util/ObjectIdentifier;,
Lsun/security/x509/X500Name;->userid_oid:Lsun/security/util/ObjectIdentifier;,
Lsun/security/x509/X509CRLEntryImpl;->getExtension(Lsun/security/util/ObjectIdentifier;)Lsun/security/x509/Extension;,
Lsun/security/x509/X509CRLImpl;-><init>([B)V,
Lsun/security/x509/X509CRLImpl;-><init>(Lsun/security/util/DerValue;)V,
Lsun/security/x509/X509CRLImpl;-><init>(Ljava/io/InputStream;)V,
Lsun/security/x509/X509CRLImpl;->getEncodedInternal()[B,
Lsun/security/x509/X509CertImpl;-><init>([B)V,
Lsun/security/x509/X509CertImpl;-><init>(Lsun/security/x509/X509CertInfo;)V,
Lsun/security/x509/X509CertImpl;-><init>(Lsun/security/util/DerValue;)V,
Lsun/security/x509/X509CertImpl;->getEncodedInternal()[B,
Lsun/security/x509/X509CertImpl;->sign(Ljava/security/PrivateKey;Ljava/lang/String;)V,
Lsun/security/x509/X509CertImpl;->get(Ljava/lang/String;)Ljava/lang/Object;,
Lsun/security/x509/X509CertImpl;->parse(Lsun/security/util/DerValue;)V,
Lsun/security/x509/X509CertImpl;->algId:Lsun/security/x509/AlgorithmId;,
Lsun/security/x509/X509CertImpl;->readOnly:Z,
Lsun/security/x509/X509CertImpl;->signature:[B,
Lsun/security/x509/X509CertImpl;->signedCert:[B,
Lsun/security/x509/X509CertInfo;-><init>()V,
Lsun/security/x509/X509CertInfo;-><init>([B)V,
Lsun/security/x509/X509CertInfo;->set(Ljava/lang/String;Ljava/lang/Object;)V,
Lsun/security/x509/X509CertInfo;->get(Ljava/lang/String;)Ljava/lang/Object;,
Lsun/security/x509/X509Key;-><init>()V,
Lsun/security/x509/X509Key;->parse(Lsun/security/util/DerValue;)Ljava/security/PublicKey;,
Lsun/security/x509/X509Key;->algid:Lsun/security/x509/AlgorithmId;,
Lsun/security/x509/X509Key;->encodedKey:[B,
Lsun/security/x509/X509Key;->key:[B,
Lsun/security/x509/X509Key;->unusedBits:I,
Lsun/util/calendar/AbstractCalendar;->getEras()[Lsun/util/calendar/Era;,maxTargetSdk=30&trackingBug=170729553L
Lsun/util/calendar/AbstractCalendar;->getTimeOfDayValue(Lsun/util/calendar/CalendarDate;)J,maxTargetSdk=30&trackingBug=170729553L
Lsun/util/calendar/AbstractCalendar;->getDayOfWeekDateOnOrBefore(JI)J,maxTargetSdk=30&trackingBug=170729553L
Lsun/util/calendar/BaseCalendar$Date;->getNormalizedYear()I,maxTargetSdk=30&trackingBug=170729553L
Lsun/util/calendar/BaseCalendar$Date;->setNormalizedYear(I)V,maxTargetSdk=30&trackingBug=170729553L
Lsun/util/calendar/CalendarDate;->getYear()I,
Lsun/util/calendar/CalendarDate;->getMonth()I,
Lsun/util/calendar/CalendarDate;->getDayOfMonth()I,
Lsun/util/calendar/CalendarDate;->setDayOfMonth(I)Lsun/util/calendar/CalendarDate;,maxTargetSdk=30&trackingBug=170729553L
Lsun/util/calendar/CalendarDate;->setHours(I)Lsun/util/calendar/CalendarDate;,maxTargetSdk=30&trackingBug=170729553L
Lsun/util/calendar/CalendarDate;->setMinutes(I)Lsun/util/calendar/CalendarDate;,maxTargetSdk=30&trackingBug=170729553L
Lsun/util/calendar/CalendarDate;->setSeconds(I)Lsun/util/calendar/CalendarDate;,maxTargetSdk=30&trackingBug=170729553L
Lsun/util/calendar/CalendarDate;->setMillis(I)Lsun/util/calendar/CalendarDate;,maxTargetSdk=30&trackingBug=170729553L
Lsun/util/calendar/CalendarDate;->getTimeOfDay()J,maxTargetSdk=30&trackingBug=170729553L
Lsun/util/calendar/CalendarDate;->setDate(III)Lsun/util/calendar/CalendarDate;,maxTargetSdk=30&trackingBug=170729553L
Lsun/util/calendar/CalendarSystem;->getGregorianCalendar()Lsun/util/calendar/Gregorian;,maxTargetSdk=30&trackingBug=170729553L
Lsun/util/calendar/CalendarSystem;->forName(Ljava/lang/String;)Lsun/util/calendar/CalendarSystem;,
Lsun/util/calendar/CalendarSystem;->newCalendarDate(Ljava/util/TimeZone;)Lsun/util/calendar/CalendarDate;,maxTargetSdk=30&trackingBug=170729553L
Lsun/util/calendar/CalendarSystem;->getTime(Lsun/util/calendar/CalendarDate;)J,maxTargetSdk=30&trackingBug=170729553L
Lsun/util/calendar/CalendarSystem;->validate(Lsun/util/calendar/CalendarDate;)Z,maxTargetSdk=30&trackingBug=170729553L
Lsun/util/calendar/CalendarUtils;->floorDivide(JJ)J,maxTargetSdk=30&trackingBug=170729553L
Lsun/util/calendar/CalendarUtils;->floorDivide(II)I,maxTargetSdk=30&trackingBug=170729553L
Lsun/util/calendar/CalendarUtils;->mod(JJ)J,maxTargetSdk=30&trackingBug=170729553L
Lsun/util/calendar/CalendarUtils;->mod(II)I,maxTargetSdk=30&trackingBug=170729553L
Lsun/util/calendar/Era;-><init>(Ljava/lang/String;Ljava/lang/String;JZ)V,maxTargetSdk=30&trackingBug=170729553L
Lsun/util/calendar/Era;->getName()Ljava/lang/String;,
Lsun/util/calendar/Era;->getAbbreviation()Ljava/lang/String;,
Lsun/util/calendar/Era;->getSinceDate()Lsun/util/calendar/CalendarDate;,
Lsun/util/calendar/ImmutableGregorianDate;->unsupported()V,maxTargetSdk=30&trackingBug=170729553L
Lsun/util/calendar/LocalGregorianCalendar$Date;->setEra(Lsun/util/calendar/Era;)Lsun/util/calendar/LocalGregorianCalendar$Date;,maxTargetSdk=30&trackingBug=170729553L
Lsun/util/calendar/LocalGregorianCalendar$Date;->setYear(I)Lsun/util/calendar/LocalGregorianCalendar$Date;,maxTargetSdk=30&trackingBug=170729553L
Lsun/util/calendar/LocalGregorianCalendar$Date;->getNormalizedYear()I,maxTargetSdk=30&trackingBug=170729553L
Lsun/util/calendar/LocalGregorianCalendar$Date;->setNormalizedYear(I)V,maxTargetSdk=30&trackingBug=170729553L
Lsun/util/calendar/LocalGregorianCalendar;->newCalendarDate(Ljava/util/TimeZone;)Lsun/util/calendar/LocalGregorianCalendar$Date;,maxTargetSdk=30&trackingBug=170729553L
Lsun/util/calendar/LocalGregorianCalendar;->validate(Lsun/util/calendar/CalendarDate;)Z,maxTargetSdk=30&trackingBug=170729553L
Lsun/util/calendar/LocalGregorianCalendar;->normalize(Lsun/util/calendar/CalendarDate;)Z,maxTargetSdk=30&trackingBug=170729553L
